{
  "dtd_file": "C:\\QTI_ML\\runs\\QTI_MLP_c_md_challenge\\DTDs\\clean_partial_triplet_fiso_focus\\clean_triplet_fiso0.15_stick0.25.json",
  "xps_mat": "C:\\SynQTI-IR\\data\\xps\\xps_sub_min_pp.mat",
  "gt": {
    "E_SI_m2_per_s": 1.0853511111111114e-09,
    "V_SI_m4_per_s2": 6.501960470913582e-19,
    "E_um2_per_ms": 1.0853511111111114,
    "V_um4_per_ms2": 0.6501960470913581,
    "C_MD": 0.3556514955627335,
    "FA": 0.43204766312969234,
    "uFA": 0.40896419399416595,
    "C_c": 1.1160733783705246
  }
}