param,N_total,N_valid,N_invalid,MAE,MedianAE,MeanRE,MedianRE
MD,10000,10000,0,0.13932227081669193,0.1369810154653211,0.1645367473123455,0.1455410502206061
FA,10000,10000,0,0.09103719777902235,0.08763239418476709,6.797720668847025,1.133962620057913
uFA,10000,10000,0,0.10002441560458783,0.08010565135026358,0.33037005606301784,0.13047198879285055
C_c,10000,10000,0,0.12042134405593666,0.07359484544249266,125.45482741902453,1.054056400915276
C_MD,10000,10000,0,0.07215807583174412,0.026813328411937214,95.72297654284209,7.7995323324961605
