{
  "dtd_file": "C:\\QTI_ML\\runs\\QTI_MLP_c_md_challenge\\DTDs\\clean_frac_fiso_focus\\clean_frac_fiso0.10.json",
  "xps_mat": "C:\\SynQTI-IR\\data\\xps\\xps_sub_min_pp.mat",
  "gt": {
    "E_SI_m2_per_s": 1.0170000000000001e-09,
    "V_SI_m4_per_s2": 4.369210000000003e-19,
    "E_um2_per_ms": 1.0170000000000001,
    "V_um4_per_ms2": 0.4369210000000003,
    "C_MD": 0.29698071655303976,
    "FA": 0.6465582506428287,
    "uFA": 0.5813764514592463,
    "C_c": 1.2368027509548931
  }
}