param,N_valid,MAE,MedianAE,MeanRE,MedianRE
MD,44,0.10402598385388878,0.09605429499285661,0.09767698771020088,0.08561955914709432
FA,38,0.04055207431558615,0.03584837421742155,13421796311.660215,1.0767676956252137
uFA,40,0.14997762561483197,0.1281926025685211,66082314141.85315,0.5518419770673443
C_c,0,,,,
C_MD,44,0.0954122389390621,0.07586147014408799,3927655819.2593107,2.726624951556074
