param,N_total,N_valid,N_invalid,MAE,MedianAE,MeanRE,MedianRE
MD,7400,7400,0,0.14490919146115022,0.1416346779367872,0.1727740471921039,0.16069061378875515
FA,7400,6800,600,0.06791245645595705,0.06475942320888828,18143801837.550674,0.19790556243034774
uFA,7400,7000,400,0.12567214736059873,0.09351793811525866,42943063042.76098,0.1162081160187581
C_c,7400,6100,1300,0.16825861458955735,0.09056853888752545,13717546843.59141,0.4819599780531839
C_MD,7400,7400,0,0.06633907749485293,0.022299033115277044,2724159337.1032386,3.210980035272523
