param,N_total,N_valid,N_invalid,MAE,MedianAE,MeanRE_raw,MedianRE_raw,N_RE_masked,MeanRE_masked,MedianRE_masked,eps_re
MD,74,74,0,0.12894723178679554,0.14880002039644857,0.16201538718024042,0.15565191954354674,74,0.16201538718046601,0.1556519195437413,0.001
FA,74,68,6,0.038831574455150945,0.035056410524113936,7500415503.786199,0.07936553416214437,54,0.3094489074681186,0.07080800884760863,0.001
uFA,74,70,4,0.11555937556025564,0.07790647948373988,37761324814.79049,0.09733243672451397,54,0.16996512229057414,0.07985952735741893,0.001
C_c,74,61,13,0.11734790686578482,0.06741553720723104,4175225181.880177,0.35369922170422635,57,0.7608722139352267,0.3398933955606659,0.001
C_MD,74,74,0,0.0681900326515431,0.022326053604704507,2335318892.994475,4.179223136784339,61,6.760270442212727,3.4996027374820997,0.001
