param,N_valid,MAE,MedianAE,MeanRE,MedianRE
MD,4400,0.12958827787090005,0.11098443680282716,0.11348855771450815,0.09039882788551251
FA,3800,0.07890701053926667,0.0757798495530857,32347206500.613503,2.0118657467447387
uFA,4000,0.1647135584006278,0.14290379332402725,75787155052.71313,0.5828674626082733
C_c,0,,,,
C_MD,4400,0.09479063908873105,0.07492361151864625,4479323633.100028,3.03741141254642
