{
  "dtd_file": "C:\\QTI_ML\\runs\\QTI_MLP_c_md_challenge\\DTDs\\clean_partial_triplet_fiso_focus\\clean_triplet_fiso0.10_stick0.25.json",
  "xps_mat": "C:\\SynQTI-IR\\data\\xps\\xps_sub_min_pp.mat",
  "gt": {
    "E_SI_m2_per_s": 9.72797777777778e-10,
    "V_SI_m4_per_s2": 4.600799872543212e-19,
    "E_um2_per_ms": 0.9727977777777781,
    "V_um4_per_ms2": 0.4600799872543212,
    "C_MD": 0.3271294905685776,
    "FA": 0.49249687401144043,
    "uFA": 0.4691652410902436,
    "C_c": 1.1019332764256917
  }
}