{
  "dtd_file": "C:\\QTI_ML\\runs\\QTI_MLP_c_md_challenge\\DTDs\\clean_partial_triplet_fiso_focus\\clean_triplet_fiso0.10_stick0.75.json",
  "xps_mat": "C:\\SynQTI-IR\\data\\xps\\xps_sub_min_pp.mat",
  "gt": {
    "E_SI_m2_per_s": 9.082022222222226e-10,
    "V_SI_m4_per_s2": 4.896432198469138e-19,
    "E_um2_per_ms": 0.9082022222222225,
    "V_um4_per_ms2": 0.4896432198469137,
    "C_MD": 0.3725011182997654,
    "FA": 0.599022112182005,
    "uFA": 0.5437006753373522,
    "C_c": 1.2138526293755474
  }
}