{
  "dtd_file": "C:\\QTI_ML\\runs\\QTI_MLP_c_md_challenge\\DTDs\\clean_partial_triplet_fiso_focus\\clean_triplet_fiso0.20_stick0.75.json",
  "xps_mat": "C:\\SynQTI-IR\\data\\xps\\xps_sub_min_pp.mat",
  "gt": {
    "E_SI_m2_per_s": 1.140666666666667e-09,
    "V_SI_m4_per_s2": 8.67361777777778e-19,
    "E_um2_per_ms": 1.140666666666667,
    "V_um4_per_ms2": 0.867361777777778,
    "C_MD": 0.3999856530476375,
    "FA": 0.4636491220314418,
    "uFA": 0.41969805553041345,
    "C_c": 1.2204077846689918
  }
}