{
  "dtd_file": "C:\\QTI_ML\\runs\\QTI_MLP_c_md_challenge\\DTDs\\clean_frac_fiso_focus\\clean_frac_fiso0.35.json",
  "xps_mat": "C:\\SynQTI-IR\\data\\xps\\xps_sub_min_pp.mat",
  "gt": {
    "E_SI_m2_per_s": 1.5678333333333332e-09,
    "V_SI_m4_per_s2": 1.1044391944444451e-18,
    "E_um2_per_ms": 1.5678333333333332,
    "V_um4_per_ms2": 1.104439194444445,
    "C_MD": 0.31001449028337463,
    "FA": 0.36664327017315873,
    "uFA": 0.34834805525233575,
    "C_c": 1.107798199683317
  }
}