{
  "dtd_file": "C:\\QTI_ML\\runs\\QTI_MLP_c_md_challenge\\DTDs\\clean_frac_fiso_focus\\clean_frac_fiso0.15.json",
  "xps_mat": "C:\\SynQTI-IR\\data\\xps\\xps_sub_min_pp.mat",
  "gt": {
    "E_SI_m2_per_s": 1.1271666666666669e-09,
    "V_SI_m4_per_s2": 6.189714166666666e-19,
    "E_um2_per_ms": 1.1271666666666669,
    "V_um4_per_ms2": 0.6189714166666666,
    "C_MD": 0.32758890838936033,
    "FA": 0.5785483916459653,
    "uFA": 0.5145887800199964,
    "C_c": 1.2640339999732157
  }
}