{
  "dtd_file": "C:\\QTI_ML\\runs\\QTI_MLP_c_md_challenge\\DTDs\\clean_iso_bimod_high_variance\\clean_iso_bimod_mean0.80_V0.41.json",
  "xps_mat": "C:\\SynQTI-IR\\data\\xps\\xps_sub_min_pp.mat",
  "gt": {
    "E_SI_m2_per_s": 8.000000000000002e-10,
    "V_SI_m4_per_s2": 4.100000000000001e-19,
    "E_um2_per_ms": 0.8000000000000002,
    "V_um4_per_ms2": 0.41000000000000003,
    "C_MD": 0.3904761904761881,
    "FA": 0.08638684255814724,
    "uFA": 0.08638684255812075,
    "C_c": 1.0000000000006133
  }
}