{
  "dtd_file": "C:\\QTI_ML\\runs\\QTI_MLP_c_md_challenge\\DTDs\\clean_frac_fiso_focus\\clean_frac_fiso0.20.json",
  "xps_mat": "C:\\SynQTI-IR\\data\\xps\\xps_sub_min_pp.mat",
  "gt": {
    "E_SI_m2_per_s": 1.2373333333333336e-09,
    "V_SI_m4_per_s2": 7.767484444444446e-19,
    "E_um2_per_ms": 1.2373333333333336,
    "V_um4_per_ms2": 0.7767484444444446,
    "C_MD": 0.33658371241154844,
    "FA": 0.5169201037846968,
    "uFA": 0.46165246864845405,
    "C_c": 1.2537660948299958
  }
}