param,N_total,N_valid,N_invalid,MAE,MedianAE,MeanRE,MedianRE
MD,4400,4400,0,0.1281710880275813,0.11131273916540224,0.11217707191506995,0.08893140152044268
FA,4400,3800,600,0.07845128508002429,0.07598795503312496,32467855923.647373,1.9225683193183043
uFA,4400,4000,400,0.1652776298400902,0.14279860353290552,75150360302.41632,0.5883927527743222
C_c,4400,3100,1300,0.2352136103649179,0.07993180394525908,26992592175.561314,1.073085161336253
C_MD,4400,4400,0,0.09489277752246635,0.07451653462475194,4577725609.808469,3.010430831580007
